"","Donor","Donor_Status","Donor_Age","Mouse_ID","Time","Weight"
"1","4142.1","Healthy",6.2,1,0,100
"2","4142.1","Healthy",6.2,1,1,97.9
"3","4142.1","Healthy",6.2,1,3,93.6
"4","4142.1","Healthy",6.2,1,4,101.4
"5","4142.1","Healthy",6.2,1,7,107.1
"6","4142.1","Healthy",6.2,1,11,116.3
"7","4142.1","Healthy",6.2,1,14,115.6
"8","4142.1","Healthy",6.2,1,18,121.3
"9","4142.1","Healthy",6.2,1,21,125.5
"10","4142.1","Healthy",6.2,1,25,126.2
"11","4142.1","Healthy",6.2,1,28,127.7
"12","4142.1","Healthy",6.2,1,32,133.3
"13","4142.1","Healthy",6.2,2,0,100
"14","4142.1","Healthy",6.2,2,1,96.1
"15","4142.1","Healthy",6.2,2,3,95.3
"16","4142.1","Healthy",6.2,2,4,100.8
"17","4142.1","Healthy",6.2,2,7,103.9
"18","4142.1","Healthy",6.2,2,11,110.1
"19","4142.1","Healthy",6.2,2,14,113.2
"20","4142.1","Healthy",6.2,2,18,121.7
"21","4142.1","Healthy",6.2,2,21,129.5
"22","4142.1","Healthy",6.2,2,25,134.9
"23","4142.1","Healthy",6.2,2,28,134.1
"24","4142.1","Healthy",6.2,2,32,141.1
"25","4142.1","Healthy",6.2,3,0,100
"26","4142.1","Healthy",6.2,3,1,97.1
"27","4142.1","Healthy",6.2,3,3,100.7
"28","4142.1","Healthy",6.2,3,4,100.7
"29","4142.1","Healthy",6.2,3,7,105.7
"30","4142.1","Healthy",6.2,3,11,113.6
"31","4142.1","Healthy",6.2,3,14,117.9
"32","4142.1","Healthy",6.2,3,18,127.9
"33","4142.1","Healthy",6.2,3,21,132.9
"34","4142.1","Healthy",6.2,3,25,135.7
"35","4142.1","Healthy",6.2,3,28,136.4
"36","4142.1","Healthy",6.2,3,32,141.4
"37","4142.1","Healthy",6.2,4,0,100
"38","4142.1","Healthy",6.2,4,1,99.1
"39","4142.1","Healthy",6.2,4,3,92
"40","4142.1","Healthy",6.2,4,4,98.2
"41","4142.1","Healthy",6.2,4,7,103.6
"42","4142.1","Healthy",6.2,4,11,113.4
"43","4142.1","Healthy",6.2,4,14,117
"44","4142.1","Healthy",6.2,4,18,126.8
"45","4142.1","Healthy",6.2,4,21,134.8
"46","4142.1","Healthy",6.2,4,25,140.2
"47","4142.1","Healthy",6.2,4,28,142
"48","4142.1","Healthy",6.2,4,32,148.2
"49","4142.1","Healthy",6.2,5,0,100
"50","4142.1","Healthy",6.2,5,1,94.4
"51","4142.1","Healthy",6.2,5,3,95.2
"52","4142.1","Healthy",6.2,5,4,101.6
"53","4142.1","Healthy",6.2,5,7,107.3
"54","4142.1","Healthy",6.2,5,11,117.7
"55","4142.1","Healthy",6.2,5,14,121
"56","4142.1","Healthy",6.2,5,18,128.2
"57","4142.1","Healthy",6.2,5,21,133.9
"58","4142.1","Healthy",6.2,5,25,138.7
"59","4142.1","Healthy",6.2,5,28,143.5
"60","4142.1","Healthy",6.2,5,32,147.6
"61","3176C","Healthy",6.2,6,0,100
"62","3176C","Healthy",6.2,6,1,NA
"63","3176C","Healthy",6.2,6,3,NA
"64","3176C","Healthy",6.2,6,4,97.3
"65","3176C","Healthy",6.2,6,7,99.5
"66","3176C","Healthy",6.2,6,11,101.1
"67","3176C","Healthy",6.2,6,14,104.3
"68","3176C","Healthy",6.2,6,18,107
"69","3176C","Healthy",6.2,6,21,107
"70","3176C","Healthy",6.2,6,25,111.8
"71","3176C","Healthy",6.2,6,28,111.8
"72","3176C","Healthy",6.2,6,32,112.8
"73","3176C","Healthy",6.2,7,0,100
"74","3176C","Healthy",6.2,7,1,NA
"75","3176C","Healthy",6.2,7,3,NA
"76","3176C","Healthy",6.2,7,4,101.5
"77","3176C","Healthy",6.2,7,7,102.5
"78","3176C","Healthy",6.2,7,11,103.6
"79","3176C","Healthy",6.2,7,14,107.1
"80","3176C","Healthy",6.2,7,18,110.7
"81","3176C","Healthy",6.2,7,21,104.6
"82","3176C","Healthy",6.2,7,25,113.2
"83","3176C","Healthy",6.2,7,28,111.2
"84","3176C","Healthy",6.2,7,32,112.7
"85","3176C","Healthy",6.2,8,0,100
"86","3176C","Healthy",6.2,8,1,NA
"87","3176C","Healthy",6.2,8,3,NA
"88","3176C","Healthy",6.2,8,4,101
"89","3176C","Healthy",6.2,8,7,104.6
"90","3176C","Healthy",6.2,8,11,107.1
"91","3176C","Healthy",6.2,8,14,108.1
"92","3176C","Healthy",6.2,8,18,111.2
"93","3176C","Healthy",6.2,8,21,112.2
"94","3176C","Healthy",6.2,8,25,115.7
"95","3176C","Healthy",6.2,8,28,114.2
"96","3176C","Healthy",6.2,8,32,116.2
"97","3176C","Healthy",6.2,9,0,100
"98","3176C","Healthy",6.2,9,1,NA
"99","3176C","Healthy",6.2,9,3,NA
"100","3176C","Healthy",6.2,9,4,102.5
"101","3176C","Healthy",6.2,9,7,104
"102","3176C","Healthy",6.2,9,11,102.5
"103","3176C","Healthy",6.2,9,14,104.5
"104","3176C","Healthy",6.2,9,18,107
"105","3176C","Healthy",6.2,9,21,105
"106","3176C","Healthy",6.2,9,25,109.5
"107","3176C","Healthy",6.2,9,28,110.9
"108","3176C","Healthy",6.2,9,32,110.9
"109","3176C","Healthy",6.2,10,0,100
"110","3176C","Healthy",6.2,10,1,NA
"111","3176C","Healthy",6.2,10,3,NA
"112","3176C","Healthy",6.2,10,4,101.1
"113","3176C","Healthy",6.2,10,7,104.9
"114","3176C","Healthy",6.2,10,11,106.6
"115","3176C","Healthy",6.2,10,14,107.7
"116","3176C","Healthy",6.2,10,18,112.1
"117","3176C","Healthy",6.2,10,21,114.8
"118","3176C","Healthy",6.2,10,25,115.4
"119","3176C","Healthy",6.2,10,28,118.1
"120","3176C","Healthy",6.2,10,32,122
"121","8003C","Healthy",6.1,11,0,100
"122","8003C","Healthy",6.1,11,1,98.6
"123","8003C","Healthy",6.1,11,3,102.8
"124","8003C","Healthy",6.1,11,4,105.5
"125","8003C","Healthy",6.1,11,7,113.8
"126","8003C","Healthy",6.1,11,11,118.6
"127","8003C","Healthy",6.1,11,14,124.1
"128","8003C","Healthy",6.1,11,18,125.5
"129","8003C","Healthy",6.1,11,21,129.7
"130","8003C","Healthy",6.1,11,25,131.7
"131","8003C","Healthy",6.1,11,28,135.9
"132","8003C","Healthy",6.1,11,32,142.1
"133","8003C","Healthy",6.1,12,0,100
"134","8003C","Healthy",6.1,12,1,95.3
"135","8003C","Healthy",6.1,12,3,94.8
"136","8003C","Healthy",6.1,12,4,96.4
"137","8003C","Healthy",6.1,12,7,101
"138","8003C","Healthy",6.1,12,11,102.1
"139","8003C","Healthy",6.1,12,14,102.1
"140","8003C","Healthy",6.1,12,18,107.3
"141","8003C","Healthy",6.1,12,21,108.8
"142","8003C","Healthy",6.1,12,25,109.3
"143","8003C","Healthy",6.1,12,28,111.4
"144","8003C","Healthy",6.1,12,32,112.4
"145","8003C","Healthy",6.1,13,0,100
"146","8003C","Healthy",6.1,13,1,94.5
"147","8003C","Healthy",6.1,13,3,97
"148","8003C","Healthy",6.1,13,4,99.4
"149","8003C","Healthy",6.1,13,7,106.1
"150","8003C","Healthy",6.1,13,11,112.2
"151","8003C","Healthy",6.1,13,14,116.5
"152","8003C","Healthy",6.1,13,18,117.7
"153","8003C","Healthy",6.1,13,21,123.2
"154","8003C","Healthy",6.1,13,25,125.6
"155","8003C","Healthy",6.1,13,28,129.3
"156","8003C","Healthy",6.1,13,32,130.5
"157","8003C","Healthy",6.1,14,0,100
"158","8003C","Healthy",6.1,14,1,97.2
"159","8003C","Healthy",6.1,14,3,100
"160","8003C","Healthy",6.1,14,4,103.5
"161","8003C","Healthy",6.1,14,7,111.3
"162","8003C","Healthy",6.1,14,11,117.7
"163","8003C","Healthy",6.1,14,14,120.6
"164","8003C","Healthy",6.1,14,18,127
"165","8003C","Healthy",6.1,14,21,137.6
"166","8003C","Healthy",6.1,14,25,137.6
"167","8003C","Healthy",6.1,14,28,143.3
"168","8003C","Healthy",6.1,14,32,146.8
"169","8003C","Healthy",6.1,15,0,100
"170","8003C","Healthy",6.1,15,1,100.6
"171","8003C","Healthy",6.1,15,3,100.6
"172","8003C","Healthy",6.1,15,4,103.9
"173","8003C","Healthy",6.1,15,7,110.1
"174","8003C","Healthy",6.1,15,11,109.6
"175","8003C","Healthy",6.1,15,14,113.5
"176","8003C","Healthy",6.1,15,18,116.3
"177","8003C","Healthy",6.1,15,21,116.9
"178","8003C","Healthy",6.1,15,25,116.9
"179","8003C","Healthy",6.1,15,28,118
"180","8003C","Healthy",6.1,15,32,121.9
"181","8243C","Healthy",6.1,16,0,100
"182","8243C","Healthy",6.1,16,1,98.3
"183","8243C","Healthy",6.1,16,3,101.7
"184","8243C","Healthy",6.1,16,4,106.7
"185","8243C","Healthy",6.1,16,7,118.3
"186","8243C","Healthy",6.1,16,11,128.3
"187","8243C","Healthy",6.1,16,14,133.3
"188","8243C","Healthy",6.1,16,18,144.2
"189","8243C","Healthy",6.1,16,21,152.5
"190","8243C","Healthy",6.1,16,25,154.2
"191","8243C","Healthy",6.1,16,28,156.7
"192","8243C","Healthy",6.1,16,32,164.2
"193","8243C","Healthy",6.1,17,0,100
"194","8243C","Healthy",6.1,17,1,101
"195","8243C","Healthy",6.1,17,3,103.8
"196","8243C","Healthy",6.1,17,4,109.6
"197","8243C","Healthy",6.1,17,7,117.3
"198","8243C","Healthy",6.1,17,11,131.7
"199","8243C","Healthy",6.1,17,14,137.5
"200","8243C","Healthy",6.1,17,18,151
"201","8243C","Healthy",6.1,17,21,159.6
"202","8243C","Healthy",6.1,17,25,163.5
"203","8243C","Healthy",6.1,17,28,168.3
"204","8243C","Healthy",6.1,17,32,173.1
"205","8243C","Healthy",6.1,18,0,100
"206","8243C","Healthy",6.1,18,1,94.4
"207","8243C","Healthy",6.1,18,3,99.2
"208","8243C","Healthy",6.1,18,4,104.8
"209","8243C","Healthy",6.1,18,7,112.1
"210","8243C","Healthy",6.1,18,11,117.7
"211","8243C","Healthy",6.1,18,14,128.2
"212","8243C","Healthy",6.1,18,18,134.7
"213","8243C","Healthy",6.1,18,21,146
"214","8243C","Healthy",6.1,18,25,148.4
"215","8243C","Healthy",6.1,18,28,151.6
"216","8243C","Healthy",6.1,18,32,155.6
"217","8243C","Healthy",6.1,19,0,100
"218","8243C","Healthy",6.1,19,1,96.3
"219","8243C","Healthy",6.1,19,3,100.7
"220","8243C","Healthy",6.1,19,4,105.2
"221","8243C","Healthy",6.1,19,7,113.3
"222","8243C","Healthy",6.1,19,11,117.8
"223","8243C","Healthy",6.1,19,14,125.9
"224","8243C","Healthy",6.1,19,18,134.1
"225","8243C","Healthy",6.1,19,21,140
"226","8243C","Healthy",6.1,19,25,143.7
"227","8243C","Healthy",6.1,19,28,146.7
"228","8243C","Healthy",6.1,19,32,149.6
"229","8243C","Healthy",6.1,20,0,100
"230","8243C","Healthy",6.1,20,1,96.4
"231","8243C","Healthy",6.1,20,3,97.1
"232","8243C","Healthy",6.1,20,4,102.1
"233","8243C","Healthy",6.1,20,7,114.3
"234","8243C","Healthy",6.1,20,11,120
"235","8243C","Healthy",6.1,20,14,122.1
"236","8243C","Healthy",6.1,20,18,127.1
"237","8243C","Healthy",6.1,20,21,135
"238","8243C","Healthy",6.1,20,25,138.6
"239","8243C","Healthy",6.1,20,28,140.7
"240","8243C","Healthy",6.1,20,32,143.6
"241","4123.1","Undernourished",6.1,21,0,100
"242","4123.1","Undernourished",6.1,21,1,98.4
"243","4123.1","Undernourished",6.1,21,3,101.6
"244","4123.1","Undernourished",6.1,21,4,104.1
"245","4123.1","Undernourished",6.1,21,7,111.4
"246","4123.1","Undernourished",6.1,21,11,117.1
"247","4123.1","Undernourished",6.1,21,14,131.7
"248","4123.1","Undernourished",6.1,21,18,136.6
"249","4123.1","Undernourished",6.1,21,21,146.3
"250","4123.1","Undernourished",6.1,21,25,147.2
"251","4123.1","Undernourished",6.1,21,28,150.4
"252","4123.1","Undernourished",6.1,21,32,156.9
"253","4123.1","Undernourished",6.1,22,0,100
"254","4123.1","Undernourished",6.1,22,1,96.9
"255","4123.1","Undernourished",6.1,22,3,95.3
"256","4123.1","Undernourished",6.1,22,4,100.8
"257","4123.1","Undernourished",6.1,22,7,96.1
"258","4123.1","Undernourished",6.1,22,11,107.9
"259","4123.1","Undernourished",6.1,22,14,127.6
"260","4123.1","Undernourished",6.1,22,18,134.6
"261","4123.1","Undernourished",6.1,22,21,140.9
"262","4123.1","Undernourished",6.1,22,25,144.9
"263","4123.1","Undernourished",6.1,22,28,147.2
"264","4123.1","Undernourished",6.1,22,32,152
"265","4123.1","Undernourished",6.1,23,0,100
"266","4123.1","Undernourished",6.1,23,1,96.3
"267","4123.1","Undernourished",6.1,23,3,91.8
"268","4123.1","Undernourished",6.1,23,4,91.8
"269","4123.1","Undernourished",6.1,23,7,93.3
"270","4123.1","Undernourished",6.1,23,11,101.5
"271","4123.1","Undernourished",6.1,23,14,112.7
"272","4123.1","Undernourished",6.1,23,18,114.9
"273","4123.1","Undernourished",6.1,23,21,118.7
"274","4123.1","Undernourished",6.1,23,25,123.9
"275","4123.1","Undernourished",6.1,23,28,122.4
"276","4123.1","Undernourished",6.1,23,32,130.6
"277","4123.1","Undernourished",6.1,24,0,100
"278","4123.1","Undernourished",6.1,24,1,99.2
"279","4123.1","Undernourished",6.1,24,3,102.4
"280","4123.1","Undernourished",6.1,24,4,101.6
"281","4123.1","Undernourished",6.1,24,7,112.1
"282","4123.1","Undernourished",6.1,24,11,121
"283","4123.1","Undernourished",6.1,24,14,131.5
"284","4123.1","Undernourished",6.1,24,18,141.1
"285","4123.1","Undernourished",6.1,24,21,141.1
"286","4123.1","Undernourished",6.1,24,25,146
"287","4123.1","Undernourished",6.1,24,28,148.4
"288","4123.1","Undernourished",6.1,24,32,154.8
"289","4123.1","Undernourished",6.1,25,0,100
"290","4123.1","Undernourished",6.1,25,1,97
"291","4123.1","Undernourished",6.1,25,3,96.2
"292","4123.1","Undernourished",6.1,25,4,103
"293","4123.1","Undernourished",6.1,25,7,106.8
"294","4123.1","Undernourished",6.1,25,11,112
"295","4123.1","Undernourished",6.1,25,14,125.6
"296","4123.1","Undernourished",6.1,25,18,133.1
"297","4123.1","Undernourished",6.1,25,21,137.6
"298","4123.1","Undernourished",6.1,25,25,140.6
"299","4123.1","Undernourished",6.1,25,28,142.9
"300","4123.1","Undernourished",6.1,25,32,145.9
"301","8302C","Undernourished",6.2,26,0,100
"302","8302C","Undernourished",6.2,26,1,97
"303","8302C","Undernourished",6.2,26,3,92.9
"304","8302C","Undernourished",6.2,26,4,97.6
"305","8302C","Undernourished",6.2,26,7,102.4
"306","8302C","Undernourished",6.2,26,11,102.4
"307","8302C","Undernourished",6.2,26,14,103.6
"308","8302C","Undernourished",6.2,26,18,107.1
"309","8302C","Undernourished",6.2,26,21,108.3
"310","8302C","Undernourished",6.2,26,25,113
"311","8302C","Undernourished",6.2,26,28,114.2
"312","8302C","Undernourished",6.2,26,32,119.5
"313","8302C","Undernourished",6.2,27,0,100
"314","8302C","Undernourished",6.2,27,1,99.2
"315","8302C","Undernourished",6.2,27,3,94.3
"316","8302C","Undernourished",6.2,27,4,100
"317","8302C","Undernourished",6.2,27,7,105.7
"318","8302C","Undernourished",6.2,27,11,117.2
"319","8302C","Undernourished",6.2,27,14,120.5
"320","8302C","Undernourished",6.2,27,18,123.8
"321","8302C","Undernourished",6.2,27,21,127.9
"322","8302C","Undernourished",6.2,27,25,140.2
"323","8302C","Undernourished",6.2,27,28,143.4
"324","8302C","Undernourished",6.2,27,32,148.4
"325","8302C","Undernourished",6.2,28,0,100
"326","8302C","Undernourished",6.2,28,1,97.6
"327","8302C","Undernourished",6.2,28,3,92.9
"328","8302C","Undernourished",6.2,28,4,96.9
"329","8302C","Undernourished",6.2,28,7,104.7
"330","8302C","Undernourished",6.2,28,11,115
"331","8302C","Undernourished",6.2,28,14,119.7
"332","8302C","Undernourished",6.2,28,18,126.8
"333","8302C","Undernourished",6.2,28,21,128.3
"334","8302C","Undernourished",6.2,28,25,139.4
"335","8302C","Undernourished",6.2,28,28,141.7
"336","8302C","Undernourished",6.2,28,32,151.2
"337","8302C","Undernourished",6.2,29,0,100
"338","8302C","Undernourished",6.2,29,1,96.2
"339","8302C","Undernourished",6.2,29,3,93.7
"340","8302C","Undernourished",6.2,29,4,98.1
"341","8302C","Undernourished",6.2,29,7,103.2
"342","8302C","Undernourished",6.2,29,11,107
"343","8302C","Undernourished",6.2,29,14,107
"344","8302C","Undernourished",6.2,29,18,114.6
"345","8302C","Undernourished",6.2,29,21,117.7
"346","8302C","Undernourished",6.2,29,25,120.3
"347","8302C","Undernourished",6.2,29,28,120.3
"348","8302C","Undernourished",6.2,29,32,126.6
"349","8302C","Undernourished",6.2,30,0,100
"350","8302C","Undernourished",6.2,30,1,100.8
"351","8302C","Undernourished",6.2,30,3,96
"352","8302C","Undernourished",6.2,30,4,103.2
"353","8302C","Undernourished",6.2,30,7,108.9
"354","8302C","Undernourished",6.2,30,11,116.1
"355","8302C","Undernourished",6.2,30,14,120.2
"356","8302C","Undernourished",6.2,30,18,127.4
"357","8302C","Undernourished",6.2,30,21,138.7
"358","8302C","Undernourished",6.2,30,25,142.7
"359","8302C","Undernourished",6.2,30,28,141.1
"360","8302C","Undernourished",6.2,30,32,146
"361","3114C","Undernourished",6.1,31,0,100
"362","3114C","Undernourished",6.1,31,1,99.5
"363","3114C","Undernourished",6.1,31,3,NA
"364","3114C","Undernourished",6.1,31,4,100.9
"365","3114C","Undernourished",6.1,31,7,101.9
"366","3114C","Undernourished",6.1,31,11,102.8
"367","3114C","Undernourished",6.1,31,14,103.3
"368","3114C","Undernourished",6.1,31,18,105.6
"369","3114C","Undernourished",6.1,31,21,106.5
"370","3114C","Undernourished",6.1,31,25,106.5
"371","3114C","Undernourished",6.1,31,28,105.1
"372","3114C","Undernourished",6.1,31,32,110.3
"373","3114C","Undernourished",6.1,32,0,100
"374","3114C","Undernourished",6.1,32,1,96.9
"375","3114C","Undernourished",6.1,32,3,NA
"376","3114C","Undernourished",6.1,32,4,97.4
"377","3114C","Undernourished",6.1,32,7,98.5
"378","3114C","Undernourished",6.1,32,11,100
"379","3114C","Undernourished",6.1,32,14,102.1
"380","3114C","Undernourished",6.1,32,18,102.6
"381","3114C","Undernourished",6.1,32,21,102.6
"382","3114C","Undernourished",6.1,32,25,NA
"383","3114C","Undernourished",6.1,32,28,NA
"384","3114C","Undernourished",6.1,32,32,NA
"385","3114C","Undernourished",6.1,33,0,100
"386","3114C","Undernourished",6.1,33,1,100
"387","3114C","Undernourished",6.1,33,3,NA
"388","3114C","Undernourished",6.1,33,4,97.6
"389","3114C","Undernourished",6.1,33,7,104.8
"390","3114C","Undernourished",6.1,33,11,110.3
"391","3114C","Undernourished",6.1,33,14,118.8
"392","3114C","Undernourished",6.1,33,18,121.8
"393","3114C","Undernourished",6.1,33,21,126.7
"394","3114C","Undernourished",6.1,33,25,126.7
"395","3114C","Undernourished",6.1,33,28,130.3
"396","3114C","Undernourished",6.1,33,32,133.3
"397","3114C","Undernourished",6.1,34,0,100
"398","3114C","Undernourished",6.1,34,1,100.6
"399","3114C","Undernourished",6.1,34,3,NA
"400","3114C","Undernourished",6.1,34,4,104.4
"401","3114C","Undernourished",6.1,34,7,106.1
"402","3114C","Undernourished",6.1,34,11,109.9
"403","3114C","Undernourished",6.1,34,14,113.8
"404","3114C","Undernourished",6.1,34,18,115.5
"405","3114C","Undernourished",6.1,34,21,117.7
"406","3114C","Undernourished",6.1,34,25,116.6
"407","3114C","Undernourished",6.1,34,28,117.7
"408","3114C","Undernourished",6.1,34,32,120.4
"409","3114C","Undernourished",6.1,35,0,100
"410","3114C","Undernourished",6.1,35,1,98.6
"411","3114C","Undernourished",6.1,35,3,NA
"412","3114C","Undernourished",6.1,35,4,99.1
"413","3114C","Undernourished",6.1,35,7,100
"414","3114C","Undernourished",6.1,35,11,102.3
"415","3114C","Undernourished",6.1,35,14,102.7
"416","3114C","Undernourished",6.1,35,18,103.7
"417","3114C","Undernourished",6.1,35,21,103.7
"418","3114C","Undernourished",6.1,35,25,105.5
"419","3114C","Undernourished",6.1,35,28,105.5
"420","3114C","Undernourished",6.1,35,32,106.8
"421","3205C","Undernourished",11.2,36,0,100
"422","3205C","Undernourished",11.2,36,1,98.4
"423","3205C","Undernourished",11.2,36,3,97.8
"424","3205C","Undernourished",11.2,36,4,98.9
"425","3205C","Undernourished",11.2,36,7,104.4
"426","3205C","Undernourished",11.2,36,11,103.8
"427","3205C","Undernourished",11.2,36,14,106
"428","3205C","Undernourished",11.2,36,18,107.7
"429","3205C","Undernourished",11.2,36,21,110.4
"430","3205C","Undernourished",11.2,36,25,109.3
"431","3205C","Undernourished",11.2,36,28,114.8
"432","3205C","Undernourished",11.2,36,32,114.8
"433","3205C","Undernourished",11.2,37,0,100
"434","3205C","Undernourished",11.2,37,1,98.6
"435","3205C","Undernourished",11.2,37,3,97.2
"436","3205C","Undernourished",11.2,37,4,103.5
"437","3205C","Undernourished",11.2,37,7,109.7
"438","3205C","Undernourished",11.2,37,11,118.1
"439","3205C","Undernourished",11.2,37,14,125.7
"440","3205C","Undernourished",11.2,37,18,127.8
"441","3205C","Undernourished",11.2,37,21,133.3
"442","3205C","Undernourished",11.2,37,25,133.3
"443","3205C","Undernourished",11.2,37,28,136.8
"444","3205C","Undernourished",11.2,37,32,136.1
"445","3205C","Undernourished",11.2,38,0,100
"446","3205C","Undernourished",11.2,38,1,96.4
"447","3205C","Undernourished",11.2,38,3,97.6
"448","3205C","Undernourished",11.2,38,4,98.8
"449","3205C","Undernourished",11.2,38,7,104.8
"450","3205C","Undernourished",11.2,38,11,108.4
"451","3205C","Undernourished",11.2,38,14,116.2
"452","3205C","Undernourished",11.2,38,18,116.8
"453","3205C","Undernourished",11.2,38,21,122.8
"454","3205C","Undernourished",11.2,38,25,123.4
"455","3205C","Undernourished",11.2,38,28,128.1
"456","3205C","Undernourished",11.2,38,32,130.5
"457","3205C","Undernourished",11.2,39,0,100
"458","3205C","Undernourished",11.2,39,1,96.2
"459","3205C","Undernourished",11.2,39,3,96.7
"460","3205C","Undernourished",11.2,39,4,97.6
"461","3205C","Undernourished",11.2,39,7,100
"462","3205C","Undernourished",11.2,39,11,100.5
"463","3205C","Undernourished",11.2,39,14,101.9
"464","3205C","Undernourished",11.2,39,18,102.4
"465","3205C","Undernourished",11.2,39,21,105.7
"466","3205C","Undernourished",11.2,39,25,105.7
"467","3205C","Undernourished",11.2,39,28,109.6
"468","3205C","Undernourished",11.2,39,32,108.6
"469","3205C","Undernourished",11.2,40,0,100
"470","3205C","Undernourished",11.2,40,1,96.8
"471","3205C","Undernourished",11.2,40,3,94.9
"472","3205C","Undernourished",11.2,40,4,97.5
"473","3205C","Undernourished",11.2,40,7,112
"474","3205C","Undernourished",11.2,40,11,114.6
"475","3205C","Undernourished",11.2,40,14,124.1
"476","3205C","Undernourished",11.2,40,18,129.1
"477","3205C","Undernourished",11.2,40,21,134.2
"478","3205C","Undernourished",11.2,40,25,136.1
"479","3205C","Undernourished",11.2,40,28,138.6
"480","3205C","Undernourished",11.2,40,32,139.2
"481","4092C","Undernourished",6.2,41,0,100
"482","4092C","Undernourished",6.2,41,1,99.5
"483","4092C","Undernourished",6.2,41,3,96.7
"484","4092C","Undernourished",6.2,41,4,97.1
"485","4092C","Undernourished",6.2,41,7,99
"486","4092C","Undernourished",6.2,41,11,97.1
"487","4092C","Undernourished",6.2,41,14,98.1
"488","4092C","Undernourished",6.2,41,18,100.5
"489","4092C","Undernourished",6.2,41,21,99
"490","4092C","Undernourished",6.2,41,25,102.9
"491","4092C","Undernourished",6.2,41,28,103.3
"492","4092C","Undernourished",6.2,41,32,101.9
"493","4092C","Undernourished",6.2,42,0,100
"494","4092C","Undernourished",6.2,42,1,97.2
"495","4092C","Undernourished",6.2,42,3,96.7
"496","4092C","Undernourished",6.2,42,4,96.7
"497","4092C","Undernourished",6.2,42,7,97.7
"498","4092C","Undernourished",6.2,42,11,95.8
"499","4092C","Undernourished",6.2,42,14,100
"500","4092C","Undernourished",6.2,42,18,103.3
"501","4092C","Undernourished",6.2,42,21,103.8
"502","4092C","Undernourished",6.2,42,25,103.8
"503","4092C","Undernourished",6.2,42,28,106.1
"504","4092C","Undernourished",6.2,42,32,107
"505","4092C","Undernourished",6.2,43,0,100
"506","4092C","Undernourished",6.2,43,1,98.4
"507","4092C","Undernourished",6.2,43,3,100
"508","4092C","Undernourished",6.2,43,4,97.9
"509","4092C","Undernourished",6.2,43,7,100.5
"510","4092C","Undernourished",6.2,43,11,103.2
"511","4092C","Undernourished",6.2,43,14,105.3
"512","4092C","Undernourished",6.2,43,18,106.4
"513","4092C","Undernourished",6.2,43,21,108
"514","4092C","Undernourished",6.2,43,25,105.9
"515","4092C","Undernourished",6.2,43,28,107
"516","4092C","Undernourished",6.2,43,32,109.6
"517","4092C","Undernourished",6.2,44,0,100
"518","4092C","Undernourished",6.2,44,1,96
"519","4092C","Undernourished",6.2,44,3,NA
"520","4092C","Undernourished",6.2,44,4,NA
"521","4092C","Undernourished",6.2,44,7,NA
"522","4092C","Undernourished",6.2,44,11,NA
"523","4092C","Undernourished",6.2,44,14,NA
"524","4092C","Undernourished",6.2,44,18,NA
"525","4092C","Undernourished",6.2,44,21,NA
"526","4092C","Undernourished",6.2,44,25,NA
"527","4092C","Undernourished",6.2,44,28,NA
"528","4092C","Undernourished",6.2,44,32,NA
"529","4092C","Undernourished",6.2,45,0,100
"530","4092C","Undernourished",6.2,45,1,95.7
"531","4092C","Undernourished",6.2,45,3,96.3
"532","4092C","Undernourished",6.2,45,4,96.8
"533","4092C","Undernourished",6.2,45,7,106.4
"534","4092C","Undernourished",6.2,45,11,103.7
"535","4092C","Undernourished",6.2,45,14,112.2
"536","4092C","Undernourished",6.2,45,18,113.3
"537","4092C","Undernourished",6.2,45,21,116.5
"538","4092C","Undernourished",6.2,45,25,118.1
"539","4092C","Undernourished",6.2,45,28,121.8
"540","4092C","Undernourished",6.2,45,32,123.9
"541","179B.8","Healthy",17.2,46,0,100
"542","179B.8","Healthy",17.2,46,1,91.6
"543","179B.8","Healthy",17.2,46,3,91.1
"544","179B.8","Healthy",17.2,46,4,91.1
"545","179B.8","Healthy",17.2,46,7,97.8
"546","179B.8","Healthy",17.2,46,11,103.9
"547","179B.8","Healthy",17.2,46,14,107.3
"548","179B.8","Healthy",17.2,46,18,108.4
"549","179B.8","Healthy",17.2,46,21,114
"550","179B.8","Healthy",17.2,46,25,113.4
"551","179B.8","Healthy",17.2,46,28,115.6
"552","179B.8","Healthy",17.2,46,32,119.6
"553","179B.8","Healthy",17.2,47,0,100
"554","179B.8","Healthy",17.2,47,1,93.9
"555","179B.8","Healthy",17.2,47,3,89
"556","179B.8","Healthy",17.2,47,4,92
"557","179B.8","Healthy",17.2,47,7,94.5
"558","179B.8","Healthy",17.2,47,11,95.1
"559","179B.8","Healthy",17.2,47,14,103.7
"560","179B.8","Healthy",17.2,47,18,104.3
"561","179B.8","Healthy",17.2,47,21,116.6
"562","179B.8","Healthy",17.2,47,25,109.8
"563","179B.8","Healthy",17.2,47,28,112.9
"564","179B.8","Healthy",17.2,47,32,120.9
"565","179B.8","Healthy",17.2,48,0,100
"566","179B.8","Healthy",17.2,48,1,92.3
"567","179B.8","Healthy",17.2,48,3,93.8
"568","179B.8","Healthy",17.2,48,4,93.8
"569","179B.8","Healthy",17.2,48,7,95.4
"570","179B.8","Healthy",17.2,48,11,96.2
"571","179B.8","Healthy",17.2,48,14,110.8
"572","179B.8","Healthy",17.2,48,18,111.5
"573","179B.8","Healthy",17.2,48,21,119.2
"574","179B.8","Healthy",17.2,48,25,116.9
"575","179B.8","Healthy",17.2,48,28,126.9
"576","179B.8","Healthy",17.2,48,32,136.9
"577","179B.8","Healthy",17.2,49,0,100
"578","179B.8","Healthy",17.2,49,1,94.2
"579","179B.8","Healthy",17.2,49,3,81.8
"580","179B.8","Healthy",17.2,49,4,85.4
"581","179B.8","Healthy",17.2,49,7,92.7
"582","179B.8","Healthy",17.2,49,11,101.5
"583","179B.8","Healthy",17.2,49,14,110.9
"584","179B.8","Healthy",17.2,49,18,118.2
"585","179B.8","Healthy",17.2,49,21,124.8
"586","179B.8","Healthy",17.2,49,25,123.4
"587","179B.8","Healthy",17.2,49,28,130.7
"588","179B.8","Healthy",17.2,49,32,138
"589","179B.8","Healthy",17.2,50,0,100
"590","179B.8","Healthy",17.2,50,1,95.9
"591","179B.8","Healthy",17.2,50,3,98.5
"592","179B.8","Healthy",17.2,50,4,100
"593","179B.8","Healthy",17.2,50,7,101.5
"594","179B.8","Healthy",17.2,50,11,104.1
"595","179B.8","Healthy",17.2,50,14,111.7
"596","179B.8","Healthy",17.2,50,18,109.2
"597","179B.8","Healthy",17.2,50,21,117.9
"598","179B.8","Healthy",17.2,50,25,117.3
"599","179B.8","Healthy",17.2,50,28,122.4
"600","179B.8","Healthy",17.2,50,32,124
"601","274B.9","Healthy",18.5,51,0,100
"602","274B.9","Healthy",18.5,51,1,102.9
"603","274B.9","Healthy",18.5,51,3,95.6
"604","274B.9","Healthy",18.5,51,4,100
"605","274B.9","Healthy",18.5,51,7,102.2
"606","274B.9","Healthy",18.5,51,11,107.4
"607","274B.9","Healthy",18.5,51,14,104.4
"608","274B.9","Healthy",18.5,51,18,115.4
"609","274B.9","Healthy",18.5,51,21,118.4
"610","274B.9","Healthy",18.5,51,25,121.3
"611","274B.9","Healthy",18.5,51,28,132.4
"612","274B.9","Healthy",18.5,51,32,132.4
"613","274B.9","Healthy",18.5,52,0,100
"614","274B.9","Healthy",18.5,52,1,97.9
"615","274B.9","Healthy",18.5,52,3,92.4
"616","274B.9","Healthy",18.5,52,4,97.2
"617","274B.9","Healthy",18.5,52,7,97.2
"618","274B.9","Healthy",18.5,52,11,98.6
"619","274B.9","Healthy",18.5,52,14,100.7
"620","274B.9","Healthy",18.5,52,18,106.9
"621","274B.9","Healthy",18.5,52,21,111.1
"622","274B.9","Healthy",18.5,52,25,113.9
"623","274B.9","Healthy",18.5,52,28,122.2
"624","274B.9","Healthy",18.5,52,32,125.7
"625","274B.9","Healthy",18.5,53,0,100
"626","274B.9","Healthy",18.5,53,1,103.2
"627","274B.9","Healthy",18.5,53,3,99.2
"628","274B.9","Healthy",18.5,53,4,105.6
"629","274B.9","Healthy",18.5,53,7,113.6
"630","274B.9","Healthy",18.5,53,11,114.4
"631","274B.9","Healthy",18.5,53,14,109.6
"632","274B.9","Healthy",18.5,53,18,123.2
"633","274B.9","Healthy",18.5,53,21,133.6
"634","274B.9","Healthy",18.5,53,25,133.6
"635","274B.9","Healthy",18.5,53,28,145.6
"636","274B.9","Healthy",18.5,53,32,150.4
"637","274B.9","Healthy",18.5,54,0,100
"638","274B.9","Healthy",18.5,54,1,101.5
"639","274B.9","Healthy",18.5,54,3,97.5
"640","274B.9","Healthy",18.5,54,4,100.5
"641","274B.9","Healthy",18.5,54,7,96.1
"642","274B.9","Healthy",18.5,54,11,99
"643","274B.9","Healthy",18.5,54,14,97.5
"644","274B.9","Healthy",18.5,54,18,100
"645","274B.9","Healthy",18.5,54,21,101
"646","274B.9","Healthy",18.5,54,25,103.9
"647","274B.9","Healthy",18.5,54,28,105.9
"648","274B.9","Healthy",18.5,54,32,107.4
"649","274B.9","Healthy",18.5,55,0,100
"650","274B.9","Healthy",18.5,55,1,97.3
"651","274B.9","Healthy",18.5,55,3,89.7
"652","274B.9","Healthy",18.5,55,4,94
"653","274B.9","Healthy",18.5,55,7,96.2
"654","274B.9","Healthy",18.5,55,11,100
"655","274B.9","Healthy",18.5,55,14,99.5
"656","274B.9","Healthy",18.5,55,18,104.3
"657","274B.9","Healthy",18.5,55,21,108.7
"658","274B.9","Healthy",18.5,55,25,112
"659","274B.9","Healthy",18.5,55,28,121.7
"660","274B.9","Healthy",18.5,55,32,122.3
"661","302A.9","Healthy",18.7,56,0,100
"662","302A.9","Healthy",18.7,56,1,96.4
"663","302A.9","Healthy",18.7,56,3,91.1
"664","302A.9","Healthy",18.7,56,4,95.8
"665","302A.9","Healthy",18.7,56,7,97
"666","302A.9","Healthy",18.7,56,11,99.4
"667","302A.9","Healthy",18.7,56,14,102.4
"668","302A.9","Healthy",18.7,56,18,103
"669","302A.9","Healthy",18.7,56,21,104.2
"670","302A.9","Healthy",18.7,56,25,104.2
"671","302A.9","Healthy",18.7,56,28,106
"672","302A.9","Healthy",18.7,56,32,108.3
"673","302A.9","Healthy",18.7,57,0,100
"674","302A.9","Healthy",18.7,57,1,94.4
"675","302A.9","Healthy",18.7,57,3,99.4
"676","302A.9","Healthy",18.7,57,4,100.6
"677","302A.9","Healthy",18.7,57,7,102.5
"678","302A.9","Healthy",18.7,57,11,105.6
"679","302A.9","Healthy",18.7,57,14,105.6
"680","302A.9","Healthy",18.7,57,18,109.3
"681","302A.9","Healthy",18.7,57,21,111.7
"682","302A.9","Healthy",18.7,57,25,114.2
"683","302A.9","Healthy",18.7,57,28,114.8
"684","302A.9","Healthy",18.7,57,32,114.8
"685","302A.9","Healthy",18.7,58,0,100
"686","302A.9","Healthy",18.7,58,1,94.5
"687","302A.9","Healthy",18.7,58,3,90.9
"688","302A.9","Healthy",18.7,58,4,93.9
"689","302A.9","Healthy",18.7,58,7,99.4
"690","302A.9","Healthy",18.7,58,11,103
"691","302A.9","Healthy",18.7,58,14,104.2
"692","302A.9","Healthy",18.7,58,18,102.4
"693","302A.9","Healthy",18.7,58,21,105.5
"694","302A.9","Healthy",18.7,58,25,106.1
"695","302A.9","Healthy",18.7,58,28,106.7
"696","302A.9","Healthy",18.7,58,32,107.9
"697","302A.9","Healthy",18.7,59,0,100
"698","302A.9","Healthy",18.7,59,1,94.2
"699","302A.9","Healthy",18.7,59,3,97.4
"700","302A.9","Healthy",18.7,59,4,100.6
"701","302A.9","Healthy",18.7,59,7,106.5
"702","302A.9","Healthy",18.7,59,11,109.1
"703","302A.9","Healthy",18.7,59,14,109.1
"704","302A.9","Healthy",18.7,59,18,112.3
"705","302A.9","Healthy",18.7,59,21,114.3
"706","302A.9","Healthy",18.7,59,25,114.9
"707","302A.9","Healthy",18.7,59,28,114.9
"708","302A.9","Healthy",18.7,59,32,117.5
"709","302A.9","Healthy",18.7,60,0,100
"710","302A.9","Healthy",18.7,60,1,96.4
"711","302A.9","Healthy",18.7,60,3,92.8
"712","302A.9","Healthy",18.7,60,4,89.9
"713","302A.9","Healthy",18.7,60,7,96.4
"714","302A.9","Healthy",18.7,60,11,100.7
"715","302A.9","Healthy",18.7,60,14,104.3
"716","302A.9","Healthy",18.7,60,18,107.2
"717","302A.9","Healthy",18.7,60,21,109.4
"718","302A.9","Healthy",18.7,60,25,112.3
"719","302A.9","Healthy",18.7,60,28,111.6
"720","302A.9","Healthy",18.7,60,32,110.1
"721","302B.9","Healthy",18.7,61,0,100
"722","302B.9","Healthy",18.7,61,1,96.2
"723","302B.9","Healthy",18.7,61,3,104.4
"724","302B.9","Healthy",18.7,61,4,99.4
"725","302B.9","Healthy",18.7,61,7,100
"726","302B.9","Healthy",18.7,61,11,101.3
"727","302B.9","Healthy",18.7,61,14,101.9
"728","302B.9","Healthy",18.7,61,18,105.7
"729","302B.9","Healthy",18.7,61,21,107.5
"730","302B.9","Healthy",18.7,61,25,107.5
"731","302B.9","Healthy",18.7,61,28,110.7
"732","302B.9","Healthy",18.7,61,32,111.1
"733","302B.9","Healthy",18.7,62,0,100
"734","302B.9","Healthy",18.7,62,1,93.6
"735","302B.9","Healthy",18.7,62,3,94.2
"736","302B.9","Healthy",18.7,62,4,96.5
"737","302B.9","Healthy",18.7,62,7,98.2
"738","302B.9","Healthy",18.7,62,11,96.5
"739","302B.9","Healthy",18.7,62,14,97.1
"740","302B.9","Healthy",18.7,62,18,98.8
"741","302B.9","Healthy",18.7,62,21,98.8
"742","302B.9","Healthy",18.7,62,25,101.2
"743","302B.9","Healthy",18.7,62,28,103.5
"744","302B.9","Healthy",18.7,62,32,102.7
"745","302B.9","Healthy",18.7,63,0,100
"746","302B.9","Healthy",18.7,63,1,97
"747","302B.9","Healthy",18.7,63,3,NA
"748","302B.9","Healthy",18.7,63,4,NA
"749","302B.9","Healthy",18.7,63,7,NA
"750","302B.9","Healthy",18.7,63,11,NA
"751","302B.9","Healthy",18.7,63,14,NA
"752","302B.9","Healthy",18.7,63,18,NA
"753","302B.9","Healthy",18.7,63,21,NA
"754","302B.9","Healthy",18.7,63,25,NA
"755","302B.9","Healthy",18.7,63,28,NA
"756","302B.9","Healthy",18.7,63,32,NA
"757","302B.9","Healthy",18.7,64,0,100
"758","302B.9","Healthy",18.7,64,1,94.9
"759","302B.9","Healthy",18.7,64,3,96.4
"760","302B.9","Healthy",18.7,64,4,103.6
"761","302B.9","Healthy",18.7,64,7,107.3
"762","302B.9","Healthy",18.7,64,11,115.3
"763","302B.9","Healthy",18.7,64,14,113.1
"764","302B.9","Healthy",18.7,64,18,119.7
"765","302B.9","Healthy",18.7,64,21,121.2
"766","302B.9","Healthy",18.7,64,25,124.1
"767","302B.9","Healthy",18.7,64,28,127
"768","302B.9","Healthy",18.7,64,32,124.1
"769","302B.9","Healthy",18.7,65,0,100
"770","302B.9","Healthy",18.7,65,1,96.2
"771","302B.9","Healthy",18.7,65,3,95.5
"772","302B.9","Healthy",18.7,65,4,98.1
"773","302B.9","Healthy",18.7,65,7,96.2
"774","302B.9","Healthy",18.7,65,11,97.4
"775","302B.9","Healthy",18.7,65,14,98.7
"776","302B.9","Healthy",18.7,65,18,104.5
"777","302B.9","Healthy",18.7,65,21,105.8
"778","302B.9","Healthy",18.7,65,25,107.7
"779","302B.9","Healthy",18.7,65,28,112.2
"780","302B.9","Healthy",18.7,65,32,111.3
"781","134B.1","Undernourished",17.1,66,0,100
"782","134B.1","Undernourished",17.1,66,1,98.3
"783","134B.1","Undernourished",17.1,66,3,105.8
"784","134B.1","Undernourished",17.1,66,4,110.7
"785","134B.1","Undernourished",17.1,66,7,109.1
"786","134B.1","Undernourished",17.1,66,11,114
"787","134B.1","Undernourished",17.1,66,14,114.9
"788","134B.1","Undernourished",17.1,66,18,121.5
"789","134B.1","Undernourished",17.1,66,21,125.6
"790","134B.1","Undernourished",17.1,66,25,138
"791","134B.1","Undernourished",17.1,66,28,138.8
"792","134B.1","Undernourished",17.1,66,32,144.6
"793","134B.1","Undernourished",17.1,67,0,100
"794","134B.1","Undernourished",17.1,67,1,95.5
"795","134B.1","Undernourished",17.1,67,3,97.2
"796","134B.1","Undernourished",17.1,67,4,97.8
"797","134B.1","Undernourished",17.1,67,7,98.9
"798","134B.1","Undernourished",17.1,67,11,105
"799","134B.1","Undernourished",17.1,67,14,106.1
"800","134B.1","Undernourished",17.1,67,18,109.5
"801","134B.1","Undernourished",17.1,67,21,111.2
"802","134B.1","Undernourished",17.1,67,25,111.7
"803","134B.1","Undernourished",17.1,67,28,114.5
"804","134B.1","Undernourished",17.1,67,32,117.3
"805","134B.1","Undernourished",17.1,68,0,100
"806","134B.1","Undernourished",17.1,68,1,96.2
"807","134B.1","Undernourished",17.1,68,3,104.6
"808","134B.1","Undernourished",17.1,68,4,103.8
"809","134B.1","Undernourished",17.1,68,7,101.5
"810","134B.1","Undernourished",17.1,68,11,109.2
"811","134B.1","Undernourished",17.1,68,14,110
"812","134B.1","Undernourished",17.1,68,18,114.6
"813","134B.1","Undernourished",17.1,68,21,120.8
"814","134B.1","Undernourished",17.1,68,25,128.5
"815","134B.1","Undernourished",17.1,68,28,130.8
"816","134B.1","Undernourished",17.1,68,32,133.8
"817","134B.1","Undernourished",17.1,69,0,100
"818","134B.1","Undernourished",17.1,69,1,95.2
"819","134B.1","Undernourished",17.1,69,3,100.6
"820","134B.1","Undernourished",17.1,69,4,100
"821","134B.1","Undernourished",17.1,69,7,100.6
"822","134B.1","Undernourished",17.1,69,11,105.4
"823","134B.1","Undernourished",17.1,69,14,108.3
"824","134B.1","Undernourished",17.1,69,18,112.5
"825","134B.1","Undernourished",17.1,69,21,114.3
"826","134B.1","Undernourished",17.1,69,25,117.9
"827","134B.1","Undernourished",17.1,69,28,120.8
"828","134B.1","Undernourished",17.1,69,32,122
"829","134B.1","Undernourished",17.1,70,0,100
"830","134B.1","Undernourished",17.1,70,1,96.8
"831","134B.1","Undernourished",17.1,70,3,93.5
"832","134B.1","Undernourished",17.1,70,4,95.7
"833","134B.1","Undernourished",17.1,70,7,97.8
"834","134B.1","Undernourished",17.1,70,11,101.6
"835","134B.1","Undernourished",17.1,70,14,103.2
"836","134B.1","Undernourished",17.1,70,18,106.5
"837","134B.1","Undernourished",17.1,70,21,107.6
"838","134B.1","Undernourished",17.1,70,25,109.7
"839","134B.1","Undernourished",17.1,70,28,110.8
"840","134B.1","Undernourished",17.1,70,32,114.1
"841","144B.2","Undernourished",17.4,71,0,100
"842","144B.2","Undernourished",17.4,71,1,95.9
"843","144B.2","Undernourished",17.4,71,3,83
"844","144B.2","Undernourished",17.4,71,4,89.5
"845","144B.2","Undernourished",17.4,71,7,94.7
"846","144B.2","Undernourished",17.4,71,11,96.5
"847","144B.2","Undernourished",17.4,71,14,95.9
"848","144B.2","Undernourished",17.4,71,18,96.5
"849","144B.2","Undernourished",17.4,71,21,98.8
"850","144B.2","Undernourished",17.4,71,25,101.2
"851","144B.2","Undernourished",17.4,71,28,102.3
"852","144B.2","Undernourished",17.4,71,32,101.2
"853","144B.2","Undernourished",17.4,72,0,100
"854","144B.2","Undernourished",17.4,72,1,96.5
"855","144B.2","Undernourished",17.4,72,3,90.8
"856","144B.2","Undernourished",17.4,72,4,97.1
"857","144B.2","Undernourished",17.4,72,7,101.7
"858","144B.2","Undernourished",17.4,72,11,104.6
"859","144B.2","Undernourished",17.4,72,14,105.2
"860","144B.2","Undernourished",17.4,72,18,105.2
"861","144B.2","Undernourished",17.4,72,21,108.1
"862","144B.2","Undernourished",17.4,72,25,111.6
"863","144B.2","Undernourished",17.4,72,28,111
"864","144B.2","Undernourished",17.4,72,32,113.9
"865","144B.2","Undernourished",17.4,73,0,100
"866","144B.2","Undernourished",17.4,73,1,97.2
"867","144B.2","Undernourished",17.4,73,3,91.5
"868","144B.2","Undernourished",17.4,73,4,97.9
"869","144B.2","Undernourished",17.4,73,7,102.8
"870","144B.2","Undernourished",17.4,73,11,108.5
"871","144B.2","Undernourished",17.4,73,14,109.9
"872","144B.2","Undernourished",17.4,73,18,110.6
"873","144B.2","Undernourished",17.4,73,21,112.8
"874","144B.2","Undernourished",17.4,73,25,114.9
"875","144B.2","Undernourished",17.4,73,28,115.6
"876","144B.2","Undernourished",17.4,73,32,119.1
"877","144B.2","Undernourished",17.4,74,0,100
"878","144B.2","Undernourished",17.4,74,1,98.2
"879","144B.2","Undernourished",17.4,74,3,97
"880","144B.2","Undernourished",17.4,74,4,100
"881","144B.2","Undernourished",17.4,74,7,100
"882","144B.2","Undernourished",17.4,74,11,103
"883","144B.2","Undernourished",17.4,74,14,102.4
"884","144B.2","Undernourished",17.4,74,18,103
"885","144B.2","Undernourished",17.4,74,21,107.1
"886","144B.2","Undernourished",17.4,74,25,107.7
"887","144B.2","Undernourished",17.4,74,28,109.5
"888","144B.2","Undernourished",17.4,74,32,109.5
"889","144B.2","Undernourished",17.4,75,0,100
"890","144B.2","Undernourished",17.4,75,1,95.3
"891","144B.2","Undernourished",17.4,75,3,85.9
"892","144B.2","Undernourished",17.4,75,4,88.6
"893","144B.2","Undernourished",17.4,75,7,88.6
"894","144B.2","Undernourished",17.4,75,11,87.2
"895","144B.2","Undernourished",17.4,75,14,85.9
"896","144B.2","Undernourished",17.4,75,18,84.6
"897","144B.2","Undernourished",17.4,75,21,84.6
"898","144B.2","Undernourished",17.4,75,25,88.6
"899","144B.2","Undernourished",17.4,75,28,89.9
"900","144B.2","Undernourished",17.4,75,32,93.3
"901","185A.2","Undernourished",17.3,76,0,100
"902","185A.2","Undernourished",17.3,76,1,93.8
"903","185A.2","Undernourished",17.3,76,3,90.7
"904","185A.2","Undernourished",17.3,76,4,91.4
"905","185A.2","Undernourished",17.3,76,7,90.1
"906","185A.2","Undernourished",17.3,76,11,93.8
"907","185A.2","Undernourished",17.3,76,14,98.1
"908","185A.2","Undernourished",17.3,76,18,99.4
"909","185A.2","Undernourished",17.3,76,21,98.8
"910","185A.2","Undernourished",17.3,76,25,NA
"911","185A.2","Undernourished",17.3,76,28,NA
"912","185A.2","Undernourished",17.3,76,32,NA
"913","185A.2","Undernourished",17.3,77,0,100
"914","185A.2","Undernourished",17.3,77,1,96.2
"915","185A.2","Undernourished",17.3,77,3,89.1
"916","185A.2","Undernourished",17.3,77,4,91.7
"917","185A.2","Undernourished",17.3,77,7,89.1
"918","185A.2","Undernourished",17.3,77,11,92.3
"919","185A.2","Undernourished",17.3,77,14,97.4
"920","185A.2","Undernourished",17.3,77,18,100
"921","185A.2","Undernourished",17.3,77,21,105.8
"922","185A.2","Undernourished",17.3,77,25,NA
"923","185A.2","Undernourished",17.3,77,28,NA
"924","185A.2","Undernourished",17.3,77,32,NA
"925","185A.2","Undernourished",17.3,78,0,100
"926","185A.2","Undernourished",17.3,78,1,95.5
"927","185A.2","Undernourished",17.3,78,3,90.2
"928","185A.2","Undernourished",17.3,78,4,86.5
"929","185A.2","Undernourished",17.3,78,7,82
"930","185A.2","Undernourished",17.3,78,11,85
"931","185A.2","Undernourished",17.3,78,14,86.5
"932","185A.2","Undernourished",17.3,78,18,87.2
"933","185A.2","Undernourished",17.3,78,21,91.7
"934","185A.2","Undernourished",17.3,78,25,NA
"935","185A.2","Undernourished",17.3,78,28,NA
"936","185A.2","Undernourished",17.3,78,32,NA
"937","185A.2","Undernourished",17.3,79,0,100
"938","185A.2","Undernourished",17.3,79,1,97.6
"939","185A.2","Undernourished",17.3,79,3,95.9
"940","185A.2","Undernourished",17.3,79,4,97.6
"941","185A.2","Undernourished",17.3,79,7,100.6
"942","185A.2","Undernourished",17.3,79,11,103.6
"943","185A.2","Undernourished",17.3,79,14,106.5
"944","185A.2","Undernourished",17.3,79,18,107.1
"945","185A.2","Undernourished",17.3,79,21,109.5
"946","185A.2","Undernourished",17.3,79,25,NA
"947","185A.2","Undernourished",17.3,79,28,NA
"948","185A.2","Undernourished",17.3,79,32,NA
"949","185A.2","Undernourished",17.3,80,0,100
"950","185A.2","Undernourished",17.3,80,1,93.6
"951","185A.2","Undernourished",17.3,80,3,95.3
"952","185A.2","Undernourished",17.3,80,4,97.1
"953","185A.2","Undernourished",17.3,80,7,98.2
"954","185A.2","Undernourished",17.3,80,11,100.6
"955","185A.2","Undernourished",17.3,80,14,102.9
"956","185A.2","Undernourished",17.3,80,18,106.4
"957","185A.2","Undernourished",17.3,80,21,107.6
"958","185A.2","Undernourished",17.3,80,25,NA
"959","185A.2","Undernourished",17.3,80,28,NA
"960","185A.2","Undernourished",17.3,80,32,NA
"961","202A.8","Undernourished",18,81,0,100
"962","202A.8","Undernourished",18,81,1,99.4
"963","202A.8","Undernourished",18,81,3,95.8
"964","202A.8","Undernourished",18,81,4,99.4
"965","202A.8","Undernourished",18,81,7,101.2
"966","202A.8","Undernourished",18,81,11,103.6
"967","202A.8","Undernourished",18,81,14,103.6
"968","202A.8","Undernourished",18,81,18,104.2
"969","202A.8","Undernourished",18,81,21,107.3
"970","202A.8","Undernourished",18,81,25,106.1
"971","202A.8","Undernourished",18,81,28,109.7
"972","202A.8","Undernourished",18,81,32,111.5
"973","202A.8","Undernourished",18,82,0,100
"974","202A.8","Undernourished",18,82,1,97.1
"975","202A.8","Undernourished",18,82,3,92
"976","202A.8","Undernourished",18,82,4,96
"977","202A.8","Undernourished",18,82,7,101.1
"978","202A.8","Undernourished",18,82,11,103.4
"979","202A.8","Undernourished",18,82,14,100
"980","202A.8","Undernourished",18,82,18,104
"981","202A.8","Undernourished",18,82,21,106.3
"982","202A.8","Undernourished",18,82,25,107.4
"983","202A.8","Undernourished",18,82,28,109.7
"984","202A.8","Undernourished",18,82,32,111.4
"985","202A.8","Undernourished",18,83,0,100
"986","202A.8","Undernourished",18,83,1,96.7
"987","202A.8","Undernourished",18,83,3,92
"988","202A.8","Undernourished",18,83,4,94
"989","202A.8","Undernourished",18,83,7,98
"990","202A.8","Undernourished",18,83,11,101.3
"991","202A.8","Undernourished",18,83,14,102.7
"992","202A.8","Undernourished",18,83,18,104.7
"993","202A.8","Undernourished",18,83,21,107.3
"994","202A.8","Undernourished",18,83,25,109.3
"995","202A.8","Undernourished",18,83,28,108.7
"996","202A.8","Undernourished",18,83,32,110.7
"997","202A.8","Undernourished",18,84,0,100
"998","202A.8","Undernourished",18,84,1,97.1
"999","202A.8","Undernourished",18,84,3,94.8
"1000","202A.8","Undernourished",18,84,4,98.3
"1001","202A.8","Undernourished",18,84,7,104.1
"1002","202A.8","Undernourished",18,84,11,107
"1003","202A.8","Undernourished",18,84,14,107
"1004","202A.8","Undernourished",18,84,18,113.4
"1005","202A.8","Undernourished",18,84,21,111
"1006","202A.8","Undernourished",18,84,25,111
"1007","202A.8","Undernourished",18,84,28,111.6
"1008","202A.8","Undernourished",18,84,32,116.3
"1009","202A.8","Undernourished",18,85,0,100
"1010","202A.8","Undernourished",18,85,1,97.5
"1011","202A.8","Undernourished",18,85,3,91.3
"1012","202A.8","Undernourished",18,85,4,93.2
"1013","202A.8","Undernourished",18,85,7,100
"1014","202A.8","Undernourished",18,85,11,103.7
"1015","202A.8","Undernourished",18,85,14,106.2
"1016","202A.8","Undernourished",18,85,18,109.9
"1017","202A.8","Undernourished",18,85,21,113.7
"1018","202A.8","Undernourished",18,85,25,113.7
"1019","202A.8","Undernourished",18,85,28,112.4
"1020","202A.8","Undernourished",18,85,32,115.5
"1021","257B.8","Undernourished",17.1,86,0,100
"1022","257B.8","Undernourished",17.1,86,1,93.3
"1023","257B.8","Undernourished",17.1,86,3,91.5
"1024","257B.8","Undernourished",17.1,86,4,95.2
"1025","257B.8","Undernourished",17.1,86,7,98.8
"1026","257B.8","Undernourished",17.1,86,11,104.8
"1027","257B.8","Undernourished",17.1,86,14,105.5
"1028","257B.8","Undernourished",17.1,86,18,103.6
"1029","257B.8","Undernourished",17.1,86,21,109.7
"1030","257B.8","Undernourished",17.1,86,25,112.7
"1031","257B.8","Undernourished",17.1,86,28,113.9
"1032","257B.8","Undernourished",17.1,86,32,118.2
"1033","257B.8","Undernourished",17.1,87,0,100
"1034","257B.8","Undernourished",17.1,87,1,93.5
"1035","257B.8","Undernourished",17.1,87,3,94
"1036","257B.8","Undernourished",17.1,87,4,100
"1037","257B.8","Undernourished",17.1,87,7,102.4
"1038","257B.8","Undernourished",17.1,87,11,107.7
"1039","257B.8","Undernourished",17.1,87,14,107.1
"1040","257B.8","Undernourished",17.1,87,18,108.9
"1041","257B.8","Undernourished",17.1,87,21,111.9
"1042","257B.8","Undernourished",17.1,87,25,116.7
"1043","257B.8","Undernourished",17.1,87,28,116.7
"1044","257B.8","Undernourished",17.1,87,32,117.3
"1045","257B.8","Undernourished",17.1,88,0,100
"1046","257B.8","Undernourished",17.1,88,1,98.1
"1047","257B.8","Undernourished",17.1,88,3,93.5
"1048","257B.8","Undernourished",17.1,88,4,97.4
"1049","257B.8","Undernourished",17.1,88,7,94.8
"1050","257B.8","Undernourished",17.1,88,11,104.5
"1051","257B.8","Undernourished",17.1,88,14,105.8
"1052","257B.8","Undernourished",17.1,88,18,103.9
"1053","257B.8","Undernourished",17.1,88,21,110.3
"1054","257B.8","Undernourished",17.1,88,25,116.1
"1055","257B.8","Undernourished",17.1,88,28,125.2
"1056","257B.8","Undernourished",17.1,88,32,118.1
"1057","257B.8","Undernourished",17.1,89,0,100
"1058","257B.8","Undernourished",17.1,89,1,95.1
"1059","257B.8","Undernourished",17.1,89,3,90.9
"1060","257B.8","Undernourished",17.1,89,4,93.9
"1061","257B.8","Undernourished",17.1,89,7,96.3
"1062","257B.8","Undernourished",17.1,89,11,108.5
"1063","257B.8","Undernourished",17.1,89,14,112.2
"1064","257B.8","Undernourished",17.1,89,18,103.7
"1065","257B.8","Undernourished",17.1,89,21,113.4
"1066","257B.8","Undernourished",17.1,89,25,119.5
"1067","257B.8","Undernourished",17.1,89,28,109.1
"1068","257B.8","Undernourished",17.1,89,32,120.7
"1069","257B.8","Undernourished",17.1,90,0,100
"1070","257B.8","Undernourished",17.1,90,1,98.1
"1071","257B.8","Undernourished",17.1,90,3,96.8
"1072","257B.8","Undernourished",17.1,90,4,97.4
"1073","257B.8","Undernourished",17.1,90,7,98.1
"1074","257B.8","Undernourished",17.1,90,11,104.5
"1075","257B.8","Undernourished",17.1,90,14,107.1
"1076","257B.8","Undernourished",17.1,90,18,105.8
"1077","257B.8","Undernourished",17.1,90,21,111.7
"1078","257B.8","Undernourished",17.1,90,25,118.8
"1079","257B.8","Undernourished",17.1,90,28,118.8
"1080","257B.8","Undernourished",17.1,90,32,121.4
"1081","264B.5","Undernourished",18.3,91,0,100
"1082","264B.5","Undernourished",18.3,91,1,95.2
"1083","264B.5","Undernourished",18.3,91,3,99.3
"1084","264B.5","Undernourished",18.3,91,4,101.4
"1085","264B.5","Undernourished",18.3,91,7,106.2
"1086","264B.5","Undernourished",18.3,91,11,110.3
"1087","264B.5","Undernourished",18.3,91,14,109.7
"1088","264B.5","Undernourished",18.3,91,18,115.2
"1089","264B.5","Undernourished",18.3,91,21,117.2
"1090","264B.5","Undernourished",18.3,91,25,122.1
"1091","264B.5","Undernourished",18.3,91,28,122.8
"1092","264B.5","Undernourished",18.3,91,32,122.6
"1093","264B.5","Undernourished",18.3,92,0,100
"1094","264B.5","Undernourished",18.3,92,1,94.7
"1095","264B.5","Undernourished",18.3,92,3,95.4
"1096","264B.5","Undernourished",18.3,92,4,98.7
"1097","264B.5","Undernourished",18.3,92,7,102
"1098","264B.5","Undernourished",18.3,92,11,107.9
"1099","264B.5","Undernourished",18.3,92,14,109.3
"1100","264B.5","Undernourished",18.3,92,18,113.2
"1101","264B.5","Undernourished",18.3,92,21,114.6
"1102","264B.5","Undernourished",18.3,92,25,113.9
"1103","264B.5","Undernourished",18.3,92,28,116.6
"1104","264B.5","Undernourished",18.3,92,32,115.8
"1105","264B.5","Undernourished",18.3,93,0,100
"1106","264B.5","Undernourished",18.3,93,1,93.3
"1107","264B.5","Undernourished",18.3,93,3,96.4
"1108","264B.5","Undernourished",18.3,93,4,97.6
"1109","264B.5","Undernourished",18.3,93,7,98.8
"1110","264B.5","Undernourished",18.3,93,11,104.2
"1111","264B.5","Undernourished",18.3,93,14,104.2
"1112","264B.5","Undernourished",18.3,93,18,109.7
"1113","264B.5","Undernourished",18.3,93,21,107.3
"1114","264B.5","Undernourished",18.3,93,25,109.7
"1115","264B.5","Undernourished",18.3,93,28,112.7
"1116","264B.5","Undernourished",18.3,93,32,114.5
"1117","264B.5","Undernourished",18.3,94,0,100
"1118","264B.5","Undernourished",18.3,94,1,94.8
"1119","264B.5","Undernourished",18.3,94,3,88.3
"1120","264B.5","Undernourished",18.3,94,4,92.2
"1121","264B.5","Undernourished",18.3,94,7,94.8
"1122","264B.5","Undernourished",18.3,94,11,97.4
"1123","264B.5","Undernourished",18.3,94,14,103.2
"1124","264B.5","Undernourished",18.3,94,18,99.4
"1125","264B.5","Undernourished",18.3,94,21,100.6
"1126","264B.5","Undernourished",18.3,94,25,101.9
"1127","264B.5","Undernourished",18.3,94,28,107.8
"1128","264B.5","Undernourished",18.3,94,32,106.9
"1129","264B.5","Undernourished",18.3,95,0,100
"1130","264B.5","Undernourished",18.3,95,1,97.3
"1131","264B.5","Undernourished",18.3,95,3,88.5
"1132","264B.5","Undernourished",18.3,95,4,92.6
"1133","264B.5","Undernourished",18.3,95,7,91.2
"1134","264B.5","Undernourished",18.3,95,11,93.9
"1135","264B.5","Undernourished",18.3,95,14,97.3
"1136","264B.5","Undernourished",18.3,95,18,104.1
"1137","264B.5","Undernourished",18.3,95,21,106.1
"1138","264B.5","Undernourished",18.3,95,25,110.1
"1139","264B.5","Undernourished",18.3,95,28,110.8
"1140","264B.5","Undernourished",18.3,95,32,111.8
